#time(s),x(m),y(m),z(m),qx,qy,qz,qw,gt_x(m),gt_y(m),gt_z(m)
46537.387955,3.589276,7.975915,-0.245254,0.018318,0.008668,0.515026,0.856935,3.897116,7.545074,0.024788
46538.387785,8.176111,16.338056,-0.209027,0.018389,0.010023,0.512433,0.858472,8.078858,15.642044,0.029816
46539.387628,12.881364,24.941040,-0.154326,0.021663,0.015572,0.516829,0.855673,12.549835,24.282061,0.129593
46540.387861,17.453365,33.574089,-0.127280,0.017610,0.014117,0.518944,0.854510,16.916268,32.965313,0.170364
46541.387442,21.790996,41.887308,-0.054051,0.022201,0.021603,0.521007,0.852990,21.110495,41.307726,0.190109
46542.387289,25.703472,49.654890,-0.002925,0.015925,0.013691,0.525623,0.850459,24.967606,49.088624,0.182632
46543.387176,28.877294,56.249721,0.057965,0.013239,0.007517,0.530901,0.847297,28.175452,55.751231,0.202286
46544.387121,31.222318,61.259989,0.206571,0.017396,0.013068,0.522574,0.852316,30.645929,60.885092,0.336006
46545.387071,33.353621,64.920804,0.285238,0.011230,0.015907,0.416022,0.909146,32.999441,64.756790,0.366806
46546.386846,36.247120,66.917060,0.301135,0.008595,0.013912,0.146337,0.989100,36.225389,66.928414,0.328270
46547.386769,39.600443,66.737833,0.296085,0.017212,0.013459,-0.100995,0.994647,39.969937,66.914224,0.254990
46548.386643,43.228374,65.142528,0.290149,0.010683,0.003902,-0.208850,0.977882,43.944171,65.488178,0.207718
46549.386515,47.843940,62.459520,0.298662,0.019106,0.001625,-0.242043,0.970076,48.783812,62.913791,0.172371
46550.386427,53.890565,58.979077,0.290707,0.026800,0.003248,-0.231726,0.972406,54.930451,59.475236,0.128754
46551.386318,60.897675,55.361952,0.314100,0.015487,0.002244,-0.225693,0.974073,61.907720,55.889377,0.164909
46552.386168,67.873930,51.753379,0.371265,0.007919,0.006249,-0.250352,0.968102,68.774467,52.212115,0.237999
46553.386069,74.292889,47.798333,0.413111,0.008209,0.005231,-0.297942,0.954534,74.987300,48.118905,0.272499
46554.388509,79.821045,43.910330,0.461708,0.014904,0.005548,-0.306767,0.951652,80.203917,44.122532,0.305367
46555.385842,84.433432,41.255251,0.526935,0.011786,0.003714,-0.200303,0.979656,84.527286,41.378585,0.362297
46556.385725,89.137368,40.605659,0.577491,0.013986,0.000258,0.081347,0.996588,88.892288,40.632794,0.401917
46557.385596,93.267310,42.660389,0.683927,0.006766,0.012043,0.353872,0.935192,92.680525,42.612670,0.457420
46558.385481,96.890982,46.400409,0.690388,0.004782,0.002344,0.401504,0.915842,96.182434,46.217039,0.392326
46559.385400,101.183213,50.883126,0.733719,0.009126,0.005590,0.387087,0.921981,100.465243,50.573042,0.395363
46560.385275,106.150916,56.085854,0.742602,0.007609,0.003172,0.398410,0.917170,105.478350,55.686008,0.395584
46561.385144,111.523644,61.982074,0.745816,-0.000464,0.003110,0.399542,0.916709,110.992336,61.568390,0.410843
46562.385083,117.099753,67.966069,0.736098,0.001751,0.005532,0.393133,0.919463,116.773262,67.592593,0.403450
46563.384907,122.538333,73.754460,0.673003,0.008192,0.006568,0.398256,0.917214,122.462408,73.329953,0.415390
46564.384893,127.639478,79.451200,0.601448,0.008973,0.005190,0.411450,0.911373,127.821175,79.050096,0.364441
46565.384728,132.403962,85.233625,0.418564,0.005172,0.008461,0.437603,0.899114,132.829637,85.019421,0.329651
46566.384614,136.829195,91.455561,0.193778,-0.001966,0.007872,0.469484,0.882903,137.473093,91.396595,0.286552
46567.384450,140.940518,97.853755,-0.135562,-0.000510,0.008476,0.488565,0.872486,141.802005,98.058271,0.181519
46568.385137,144.814574,104.531019,-0.522272,0.006312,0.022772,0.514772,0.857001,145.856114,105.051950,0.098045
46569.384280,148.494939,111.442352,-1.024114,0.013434,0.014473,0.522248,0.852565,149.676383,112.312554,0.014763
46570.384107,152.180023,118.331004,-1.504408,0.008520,0.016884,0.526003,0.850273,153.387408,119.554169,0.043121
46571.384054,155.794437,124.857011,-1.968872,0.004500,0.009257,0.526730,0.849970,156.664088,126.081349,-0.018474
46572.383983,159.425081,130.967877,-1.807110,0.002042,-0.008650,0.509388,0.860491,159.743332,132.173764,-0.084361
46573.383856,163.059547,136.723324,-1.224319,0.002134,0.001495,0.492305,0.870419,162.876750,137.595668,-0.065247
46574.383745,166.605630,142.554074,-0.764387,-0.002521,0.008023,0.503055,0.864214,166.100573,143.185538,-0.106133
46575.383571,170.025537,148.625865,-0.469590,0.019312,0.013404,0.509952,0.859881,169.421747,148.781660,-0.042267
46576.383468,173.167157,154.512710,-0.185980,0.023016,0.017045,0.511052,0.859072,172.556840,154.366897,-0.002899
46577.383380,175.548369,159.348827,0.009096,0.031770,0.023337,0.553764,0.831740,174.991491,158.993687,-0.065910
46578.383201,176.388913,163.640051,0.178111,0.013241,0.000211,0.713674,0.700353,175.914498,163.223271,-0.095642
46579.383125,175.170892,167.262489,0.274268,-0.013109,0.004691,0.876244,0.481667,174.803793,166.832793,-0.139046
46580.383001,171.890054,170.170261,0.187487,-0.004634,0.003200,0.958646,0.284545,171.607240,169.792422,-0.296120
46581.382884,166.799665,172.785696,0.116944,-0.003410,-0.001952,0.969948,0.243280,166.619632,172.546982,-0.391716
46582.382938,160.084390,176.182833,0.033806,0.000623,0.003998,0.968514,0.248928,160.012663,175.760383,-0.528915
46583.382691,152.515360,180.121601,-0.042933,-0.006530,0.012930,0.969452,0.244852,152.617942,179.618613,-0.560928
46584.382521,144.976126,183.849808,-0.190125,-0.001664,0.005528,0.971267,0.237923,145.168188,183.560556,-0.735527
46585.382392,137.740245,187.505348,-0.258403,-0.001959,0.015931,0.969386,0.245015,137.966845,187.426837,-0.719330
46586.382363,130.785715,190.974799,-0.367495,-0.004217,0.009175,0.973173,0.229854,131.043078,191.005201,-0.653458
46587.392206,124.168726,194.008247,-0.470758,-0.009736,-0.006909,0.974513,0.224012,124.483815,194.056120,-0.577866
46588.392073,118.810496,196.549653,-0.549851,-0.010165,-0.007504,0.971083,0.238406,119.205234,196.610008,-0.534081
46589.391934,114.925003,198.587875,-0.605830,-0.012169,-0.003230,0.965149,0.261397,115.385748,198.656702,-0.495697
46590.391838,112.701414,199.910635,-0.654084,-0.004481,0.000279,0.959255,0.282506,113.229054,199.976586,-0.469643
46591.391755,112.233142,200.211837,-0.675286,-0.002287,-0.000081,0.958396,0.285432,112.781949,200.276888,-0.438705
46592.391627,112.276470,200.219548,-0.679703,0.000146,-0.000847,0.958383,0.285483,112.784812,200.320508,-0.445824
46593.391500,111.906736,200.537381,-0.676166,0.005643,-0.001858,0.956974,0.290112,112.272258,200.658024,-0.450531
46594.391358,110.340650,201.826730,-0.623723,0.003466,-0.000818,0.932076,0.362244,110.517764,201.941063,-0.431564
46595.391286,108.546798,204.409151,-0.559214,-0.003382,0.009676,0.833622,0.552241,108.556750,204.516268,-0.396843
46596.391182,108.207520,208.664605,-0.572793,0.006459,0.010508,0.636386,0.771273,108.156945,208.747056,-0.434708
46597.391013,110.371478,214.096582,-0.577501,0.010201,0.012383,0.517285,0.855663,110.325310,214.156458,-0.436676
46598.390908,113.908456,220.479981,-0.600639,0.012070,0.013756,0.506557,0.862012,113.812977,220.575926,-0.499229
46599.390833,118.042471,227.987140,-0.633754,0.016473,0.012152,0.509021,0.860510,117.917134,228.127324,-0.602043
46600.390708,122.634582,236.465200,-0.652706,0.016203,0.013903,0.510204,0.859788,122.498124,236.603175,-0.634857
46601.390665,127.437431,245.501146,-0.625355,0.016467,0.014462,0.516578,0.855959,127.303113,245.560273,-0.631218
46602.390501,132.073016,254.504569,-0.594344,0.013608,0.012795,0.517737,0.855336,131.976807,254.457637,-0.632408
46603.390336,136.599223,263.317915,-0.604835,0.004892,0.005871,0.516160,0.856458,136.515926,263.230492,-0.690346
46604.390244,141.207486,272.210323,-0.597561,0.002772,0.007663,0.514863,0.857234,141.206233,272.078196,-0.708549
46605.390125,146.009015,281.385075,-0.599450,0.002746,0.011218,0.513892,0.857777,146.007693,281.268876,-0.673943
46606.389995,150.758189,290.426122,-0.627543,0.013814,0.014715,0.515176,0.856847,150.724196,290.384263,-0.664299
46607.389873,155.165541,298.944017,-0.625314,0.017635,0.019673,0.518930,0.854408,155.127295,298.919745,-0.655724
46608.389817,159.009083,306.520478,-0.592938,0.016248,0.019303,0.517013,0.855606,158.961257,306.470746,-0.655296
46609.389647,162.068944,312.395429,-0.567291,0.018035,0.018663,0.511195,0.859073,162.037215,312.256702,-0.604721
46610.389549,164.131903,316.550563,-0.514037,0.015788,0.014342,0.550634,0.834474,164.088069,316.380750,-0.535408
46611.389440,164.960116,320.287761,-0.452382,0.004231,0.019516,0.708446,0.705483,164.917525,320.220746,-0.440285
46612.389316,163.695775,324.310871,-0.482215,0.008349,0.032146,0.886293,0.461933,163.657070,324.341028,-0.484283
46613.389252,159.558638,327.494897,-0.448572,-0.005709,0.019635,0.972508,0.231971,159.507569,327.463968,-0.442131
46614.389110,153.725622,330.146244,-0.430207,0.003219,0.012068,0.975703,0.218739,153.688141,330.135912,-0.408852
46615.388982,146.781393,333.477000,-0.387806,-0.000417,0.005864,0.971623,0.236461,146.748496,333.487609,-0.362015
46616.391122,138.978264,337.550477,-0.396193,-0.003561,0.008196,0.969746,0.243952,139.010707,337.559995,-0.384079
46617.388766,131.122781,341.638010,-0.381954,-0.006661,0.005431,0.971885,0.235299,131.223303,341.638751,-0.397926
46618.388715,123.315414,345.472778,-0.394449,-0.005222,0.000201,0.973474,0.228739,123.483302,345.473423,-0.401398
46619.388573,115.707320,349.372440,-0.390270,-0.006345,-0.001870,0.968059,0.250634,115.944008,349.372066,-0.391479
46620.388468,108.589819,353.463680,-0.379472,-0.006088,0.004185,0.963576,0.267331,108.898555,353.434032,-0.363403
46621.388310,102.930586,356.803052,-0.330790,-0.002902,0.013246,0.967406,0.252868,103.321548,356.709357,-0.304932
46622.388177,97.929471,359.372646,-0.309490,0.003997,0.009276,0.975146,0.221331,98.318087,359.272947,-0.259392
46623.388118,92.488812,361.820723,-0.226239,0.004148,0.004189,0.977888,0.209046,92.828481,361.748406,-0.188942
46624.387944,86.076704,364.704230,-0.240372,-0.014633,-0.000501,0.974853,0.222365,86.293402,364.679527,-0.231918
46625.387870,78.564884,368.445075,-0.339344,0.006355,-0.010422,0.968948,0.246963,78.661018,368.473424,-0.349907
46626.387737,70.415395,373.111493,-0.270295,-0.002520,0.001759,0.964839,0.262824,70.409579,373.112526,-0.275009
46627.387648,62.164475,377.777761,-0.232299,-0.000930,0.005918,0.968627,0.248448,62.121765,377.782368,-0.264763
46628.387499,53.978406,382.106932,-0.206093,-0.000464,0.005076,0.971810,0.235709,53.929261,382.137484,-0.253387
46629.387401,45.912082,386.147699,-0.222483,-0.004996,0.004839,0.972345,0.233444,45.825855,386.213257,-0.250877
46630.387379,38.271776,390.030326,-0.254794,-0.006914,0.008184,0.971007,0.238812,38.157108,390.124853,-0.272156
46631.387264,31.893005,393.323113,-0.278709,-0.003266,0.015159,0.971591,0.236158,31.801879,393.406143,-0.279495
46632.387066,26.890795,395.691355,-0.279851,-0.002270,0.013001,0.981202,0.192534,26.815755,395.793526,-0.258545
46633.386974,22.232859,396.629915,-0.275515,-0.003578,0.014165,0.999420,-0.030761,22.099989,396.708962,-0.279518
46634.386836,17.756593,394.804960,-0.299436,-0.012305,0.007654,0.937535,-0.347590,17.620420,394.810011,-0.307182
46635.386719,14.188574,390.072899,-0.401376,-0.006309,0.008414,0.870156,-0.492664,14.119704,390.041380,-0.400665
46636.386608,10.922709,383.748740,-0.397480,0.001800,-0.005616,-0.849095,0.528207,10.919695,383.730649,-0.396828
46637.386494,7.453619,376.174919,-0.392396,-0.002740,0.001748,-0.844460,0.535609,7.525990,376.188680,-0.422882
46638.386380,3.613983,368.016607,-0.404807,0.001015,0.010937,-0.850625,0.525658,3.719357,368.089279,-0.444328
46639.386253,-0.402690,359.913875,-0.469928,-0.004543,0.017501,-0.855608,0.517308,-0.294422,359.952663,-0.494431
46640.386152,-4.645444,351.762221,-0.551710,-0.004544,0.014184,-0.857506,0.514259,-4.527661,351.770155,-0.577477
46641.386041,-8.820777,343.758398,-0.563386,-0.005681,0.012410,-0.860547,0.509188,-8.729558,343.745090,-0.597183
46642.385896,-13.032739,335.910470,-0.570389,-0.002229,0.005236,-0.856965,0.515344,-12.984917,335.935604,-0.610771
46643.385829,-17.147508,327.805657,-0.579995,0.000893,0.007780,-0.854662,0.519125,-17.137992,327.857593,-0.604919
46644.385723,-21.460595,319.492059,-0.653462,0.004059,0.004369,-0.858717,0.512416,-21.459744,319.538171,-0.671440
46645.385565,-25.766118,311.081509,-0.736757,0.002892,0.008667,-0.853497,0.521018,-25.752115,311.094746,-0.734665
46646.385460,-29.994959,302.453224,-0.744721,0.003794,0.005818,-0.850493,0.525941,-30.011862,302.482980,-0.737770
46647.385360,-34.194903,293.988944,-0.743289,0.002496,-0.000512,-0.854618,0.519250,-34.258302,294.034848,-0.711823
46648.385251,-38.172195,286.189102,-0.757563,0.003597,-0.003740,-0.855980,0.516983,-38.276774,286.276316,-0.713272
46649.385126,-41.677880,279.529438,-0.747129,0.004445,0.002856,-0.864798,0.502093,-41.824328,279.695411,-0.685272
46650.385017,-44.405865,274.582236,-0.754916,0.007774,-0.004449,-0.856954,0.515315,-44.574924,274.848902,-0.682076
46651.384906,-45.849095,270.734996,-0.771367,0.004557,-0.002276,-0.765864,0.642982,-46.027861,271.021061,-0.696190
46652.384800,-45.455863,266.483898,-0.818633,0.007719,0.001698,-0.574520,0.818452,-45.626566,266.840608,-0.777359
46653.384713,-42.194725,262.051380,-0.895906,0.000749,0.008149,-0.341815,0.939731,-42.187074,262.440384,-0.899277
46654.384546,-36.505684,258.352638,-0.979182,-0.001807,0.003191,-0.267055,0.963674,-36.447758,258.618221,-0.994690
46655.384455,-29.806876,254.550987,-1.012055,0.005230,0.000791,-0.255968,0.966671,-29.759500,254.611918,-1.020172
46656.384324,-22.341697,250.490753,-1.053465,0.012219,0.004136,-0.244514,0.969560,-22.301363,250.466992,-1.076317
46657.384202,-14.575451,246.659319,-1.136029,0.006329,0.008176,-0.222009,0.974990,-14.589888,246.502514,-1.110771
46658.384086,-6.957900,243.145356,-1.215636,-0.008609,0.006312,-0.225453,0.974196,-7.001826,242.903464,-1.223106
46659.384007,-0.500397,239.998878,-1.210125,-0.011202,0.006764,-0.245763,0.969242,-0.610908,239.701305,-1.133240
46660.383852,4.603365,237.167119,-1.171499,-0.005858,0.007562,-0.267951,0.963385,4.497385,236.845293,-1.042854
46661.383800,9.415663,234.468439,-1.232333,0.008794,0.003320,-0.223139,0.974741,9.352532,234.178059,-1.129921
46662.383612,14.374530,232.997335,-1.250603,0.007516,0.009571,-0.041742,0.999054,14.370601,232.849954,-1.273987
46663.383547,19.229453,233.859741,-1.279943,0.017973,0.006658,0.214561,0.976523,19.232910,233.797281,-1.256027
46664.383468,23.112506,236.896773,-1.288146,-0.006084,0.001934,0.386615,0.922219,23.083285,236.904538,-1.211517
46665.383363,26.402200,240.491489,-1.305963,-0.004399,0.000872,0.363838,0.931452,26.354624,240.531330,-1.250244
46666.383179,29.772266,242.747983,-1.337648,0.002390,0.005914,0.137091,0.990538,29.728658,242.759862,-1.304649
46667.383061,33.429980,242.944833,-1.400419,0.004851,0.008355,-0.110671,0.993810,33.295437,242.866283,-1.393906
46668.382950,37.708387,241.455342,-1.504414,0.006410,-0.001704,-0.218423,0.975832,37.541150,241.377009,-1.497856
46669.382830,43.131037,238.851659,-1.584392,0.009329,0.000543,-0.231812,0.972716,43.039244,238.670093,-1.589508
46670.382771,49.707076,235.513553,-1.659804,0.009864,0.001602,-0.243138,0.969940,49.716949,235.232833,-1.785446
46671.382675,56.925639,231.655368,-1.706619,0.010449,-0.000088,-0.247839,0.968745,57.011663,231.465017,-1.896866
46672.382526,64.467471,227.708466,-1.730341,0.010632,0.000570,-0.236384,0.971601,64.626888,227.455732,-1.702461
46673.382394,71.840712,223.998349,-1.752918,0.014420,0.001605,-0.233224,0.972315,71.981907,223.730908,-1.634842
46674.382287,78.912209,220.479647,-1.781624,0.016783,-0.000283,-0.228310,0.973444,79.032771,220.172368,-1.548752
46675.382200,85.358360,217.377098,-1.799803,0.008503,0.001335,-0.224470,0.974443,85.419989,217.208078,-1.684196
46676.382100,91.089773,214.588600,-1.814982,0.007260,0.001170,-0.232690,0.972523,91.110900,214.580039,-1.834335
46677.381929,95.345719,212.325559,-1.803574,0.006553,0.003923,-0.265002,0.964218,95.301101,212.458684,-1.862808
46678.381868,98.049183,210.537840,-1.796129,0.015323,0.004783,-0.316317,0.948518,97.944370,210.699998,-1.790504
46679.381712,99.382571,209.376185,-1.794009,0.017332,0.001246,-0.378493,0.925441,99.291200,209.572853,-1.766258
46680.381599,100.651929,207.829407,-1.812712,0.009599,-0.006375,-0.477166,0.878738,100.654836,208.001754,-1.753654
46681.381477,101.887930,204.444625,-1.794587,0.001690,-0.008549,-0.670232,0.742100,101.951347,204.524428,-1.629204
46682.381386,101.017886,199.266897,-1.707517,0.006415,-0.011060,-0.828743,0.559483,101.053408,199.336750,-1.532715
46683.381255,97.793267,192.878909,-1.664966,0.011108,-0.013694,-0.863711,0.503679,97.809040,192.909616,-1.514114
46684.381138,93.398387,185.127425,-1.641377,0.011989,-0.021087,-0.861959,0.506397,93.381476,185.133038,-1.556602
46685.381007,88.552061,176.065779,-1.528946,0.012428,-0.018719,-0.854063,0.519685,88.532520,176.056042,-1.511009
46686.380905,83.565159,166.223630,-1.400303,0.012418,-0.016957,-0.851517,0.523906,83.557266,166.230057,-1.415756
46687.380783,78.353608,155.962069,-1.291501,0.014879,-0.012811,-0.854918,0.518391,78.370663,156.009443,-1.341873
46688.380685,72.717450,145.260068,-1.216623,0.014075,-0.016032,-0.857990,0.513224,72.769506,145.380122,-1.318863
46689.380572,66.821404,134.201917,-1.094184,0.013696,-0.018252,-0.857362,0.514208,66.923296,134.374412,-1.258400
46690.380440,60.936801,123.007003,-0.960725,0.014570,-0.017110,-0.855373,0.517525,61.036864,123.144025,-1.133247
46691.380389,55.230535,111.932570,-0.865197,0.018183,-0.014546,-0.853530,0.520523,55.322542,111.928007,-1.169327
46692.380277,49.822312,101.263878,-0.829582,0.017059,-0.015120,-0.853300,0.520922,49.840476,101.258586,-0.952927
46693.380105,45.043448,91.935500,-0.712572,0.015993,-0.015972,-0.856112,0.516296,45.028203,91.945976,-0.747231
46694.379986,41.141672,84.487909,-0.595535,0.021225,-0.015435,-0.857624,0.513608,41.103360,84.513433,-0.601959
46695.379894,38.623026,78.794339,-0.531935,0.024023,-0.021092,-0.793370,0.607900,38.608117,78.800616,-0.519714
46696.379810,38.462854,73.753693,-0.475877,0.012905,0.007102,-0.621050,0.783633,38.481907,73.749459,-0.438675
46697.379659,40.772348,69.526017,-0.510537,0.009770,0.006296,-0.383574,0.923437,40.922928,69.513433,-0.513138
46698.379565,44.914972,66.386268,-0.517631,0.008289,0.001485,-0.279025,0.960247,45.076263,66.307365,-0.527069
46699.379475,50.200887,63.030858,-0.514470,0.019080,-0.000978,-0.274950,0.961269,50.315982,62.858760,-0.541397
46700.379319,56.800710,59.101183,-0.548108,0.025739,-0.002238,-0.237492,0.971046,56.909006,58.952627,-0.607025
46701.379239,64.342357,55.314941,-0.517976,0.005529,0.001526,-0.238643,0.971090,64.380163,55.282412,-0.579369
46702.379127,71.399202,51.065918,-0.496383,0.008293,0.002784,-0.291600,0.956500,71.360294,51.070129,-0.576515
46703.378979,78.288639,46.211769,-0.483340,0.010882,0.001202,-0.294563,0.955569,78.250157,46.236274,-0.537766
46704.378854,85.353700,41.138790,-0.474572,-0.005744,0.002669,-0.335172,0.942135,85.290025,41.166970,-0.489319
46705.378732,91.345846,35.134571,-0.428763,0.010235,0.003701,-0.418933,0.907952,91.250885,35.129747,-0.455589
46706.378635,96.794365,28.366440,-0.506964,0.013352,0.003847,-0.432056,0.901740,96.759731,28.377784,-0.529556
46707.378517,102.119406,20.857803,-0.551770,0.011384,-0.004590,-0.480913,0.876682,102.117515,20.855663,-0.546570
46708.378434,107.145744,12.715063,-0.515261,0.005683,0.002504,-0.493303,0.869835,107.193645,12.753863,-0.493950
46709.378346,111.425673,4.478704,-0.512642,0.001514,0.006393,-0.550662,0.834702,111.452976,4.519299,-0.450752
46710.378196,114.467406,-3.772735,-0.484626,0.012722,0.000320,-0.577949,0.815974,114.471468,-3.692672,-0.386215
46711.378053,117.009096,-10.562714,-0.442452,0.013658,-0.002614,-0.560237,0.828216,117.001744,-10.374960,-0.359100
46712.378002,119.316147,-16.648091,-0.419069,0.011306,-0.001313,-0.577852,0.816062,119.304445,-16.483884,-0.384727
46713.377862,121.675764,-23.215134,-0.426599,0.012775,0.005842,-0.564853,0.825072,121.686616,-23.101934,-0.431458
46714.377710,124.766575,-30.456214,-0.477610,-0.007179,0.012987,-0.550264,0.834859,124.810011,-30.377014,-0.510307
46715.377868,128.266225,-38.660947,-0.499299,-0.005869,0.019097,-0.557115,0.830195,128.300933,-38.627634,-0.533142
46716.377503,131.853763,-47.238688,-0.596775,-0.004292,0.016900,-0.551157,0.834219,131.889571,-47.248146,-0.623840
46717.377374,135.529368,-55.624199,-0.680079,-0.007726,0.020800,-0.554041,0.832193,135.572236,-55.659156,-0.704544
46718.377287,139.000079,-63.793218,-0.715001,-0.009606,0.019335,-0.555659,0.831130,139.017392,-63.878303,-0.720825
46719.377153,141.949022,-70.908928,-0.689739,-0.001224,0.016378,-0.569713,0.821679,141.861353,-70.989869,-0.674576
46720.377009,144.190541,-76.310136,-0.635262,0.020852,-0.001156,-0.503177,0.863931,144.023021,-76.433629,-0.584671
46721.376917,147.781767,-80.337869,-0.582633,0.014545,0.003481,-0.320543,0.947116,147.636477,-80.423318,-0.535789
46722.376861,152.961849,-83.554935,-0.621466,-0.005344,0.013947,-0.273865,0.961652,152.865692,-83.595575,-0.598816
46723.376682,158.634474,-87.219286,-0.642713,-0.013753,0.011521,-0.301848,0.953187,158.587345,-87.282961,-0.606621
46724.376586,164.569019,-91.412580,-0.665329,-0.011004,0.015876,-0.301685,0.953212,164.565994,-91.454036,-0.609100
46725.376475,170.726616,-95.742985,-0.753059,-0.014848,0.010709,-0.303772,0.952569,170.710231,-95.771373,-0.700592
46726.376477,177.156800,-100.441691,-0.782053,-0.004832,0.010339,-0.308591,0.951126,177.155252,-100.436860,-0.690811
46727.376246,183.770357,-105.220141,-0.821382,-0.006232,0.013810,-0.300438,0.953681,183.793706,-105.153603,-0.663887
46728.376138,190.492559,-110.058504,-0.913356,-0.006468,0.010099,-0.303096,0.952884,190.556829,-109.897710,-0.705811
46729.376071,197.466832,-115.078474,-1.001317,-0.009308,0.015029,-0.304269,0.952422,197.590460,-114.813468,-0.690948
46730.375901,204.477072,-120.243884,-1.085427,-0.014673,0.014532,-0.309888,0.950549,204.624483,-119.881121,-0.713570
46731.375794,211.330361,-125.317245,-1.071554,-0.009716,0.012444,-0.301805,0.953239,211.507982,-124.792906,-0.621948
46732.375707,217.913332,-130.011889,-1.024021,-0.006982,0.013812,-0.293575,0.955811,218.068033,-129.316624,-0.533257
46733.375577,223.630675,-134.059385,-0.935374,-0.006273,0.011953,-0.302515,0.953049,223.489665,-133.175201,-0.500178
46734.375452,228.121009,-137.500908,-0.741443,0.002166,0.012736,-0.324731,0.945718,227.740091,-136.693491,-0.465525
46735.375322,230.980046,-139.865788,-0.543680,0.010852,0.010338,-0.330505,0.943685,230.956012,-139.583565,-0.439941
46736.375224,232.894014,-141.027305,-0.290708,0.007524,0.012001,-0.219811,0.975440,232.853007,-141.087971,-0.394676
46737.375134,235.198026,-141.259588,0.011620,0.010367,0.012420,0.023541,0.999592,235.210992,-141.848743,-0.380501
46738.375073,238.348169,-139.689539,0.146947,-0.002143,0.008757,0.283542,0.958917,238.747801,-139.994002,-0.426949
46739.374869,241.949691,-135.933202,-0.039586,-0.002871,0.012343,0.431165,0.902184,242.465766,-137.386385,-0.467743
46740.374803,245.916840,-130.066826,-0.242174,-0.007854,0.005340,0.486363,0.873705,246.679683,-131.643089,-0.484032
46741.374634,250.642558,-122.820700,-0.376546,-0.005911,0.009885,0.479955,0.877217,251.519100,-124.406825,-0.509514
46742.374529,256.078533,-115.157015,-0.462849,-0.001195,0.006437,0.475707,0.879579,256.905612,-116.611921,-0.492569
46743.374469,261.778597,-107.314003,-0.542741,-0.015926,0.009024,0.479654,0.877267,262.460959,-108.533217,-0.513855
46744.374294,267.583324,-99.539906,-0.576054,-0.024074,0.005397,0.472651,0.880904,268.068825,-100.386230,-0.504959
46745.374196,273.522315,-91.918172,-0.640742,-0.017485,-0.002085,0.480239,0.876961,273.772401,-92.295296,-0.557381
46746.374111,279.316858,-84.303161,-0.573191,-0.023438,0.001940,0.479643,0.877149,279.270258,-84.183333,-0.536827
46747.373954,285.137871,-76.843992,-0.511063,-0.020188,0.000996,0.473264,0.880689,284.853014,-76.250342,-0.508461
46748.373855,291.135333,-69.552919,-0.455926,-0.017558,0.007845,0.452982,0.891312,290.621383,-68.500683,-0.517891
46749.374032,297.269480,-62.658320,-0.420288,-0.015655,0.007845,0.442934,0.896383,296.619908,-61.212675,-0.512650
46750.373660,303.016557,-55.959909,-0.367496,-0.004620,0.022114,0.454585,0.890417,302.345153,-54.193209,-0.433189
46751.373531,308.073377,-49.805038,-0.398522,-0.001972,0.021329,0.439484,0.897995,307.503237,-47.926401,-0.418716
46752.373455,312.387207,-44.941539,-0.376772,-0.013485,0.015351,0.402125,0.915357,311.997203,-43.111459,-0.413971
46753.373321,315.829934,-41.064791,-0.356015,-0.005271,0.022772,0.427238,0.903837,315.741015,-39.407243,-0.427811
46754.373193,318.084373,-36.485301,-0.387479,-0.001804,0.023914,0.593511,0.804469,317.800159,-34.975538,-0.424882
46755.373068,318.047344,-30.536832,-0.280984,0.004301,0.013050,0.760465,0.649233,317.647264,-29.617790,-0.340986
46756.372924,315.199719,-23.925408,-0.209414,-0.000825,-0.010048,0.851616,0.524069,315.390174,-24.041829,-0.179649
46757.372857,311.071709,-16.793389,-0.153603,-0.003137,-0.024118,0.846732,0.531464,311.161489,-17.620644,0.015640
46758.372719,306.596057,-8.714229,-0.043133,-0.007660,-0.019251,0.841559,0.539767,306.520042,-9.990041,0.192810
46759.372597,302.188906,-0.298870,0.081877,-0.004722,-0.018062,0.821238,0.570281,301.929281,-1.820626,0.332733
46760.372551,298.468502,8.187952,0.170590,0.002898,0.004482,0.813235,0.581911,298.045088,6.683476,0.223824
46761.372372,294.355555,16.580468,0.199943,0.007946,0.018875,0.835134,0.549665,293.758664,15.210932,0.045624
46762.372286,289.580483,24.603437,0.171738,0.007134,0.023221,0.848923,0.527958,288.884514,23.405892,-0.024651
46763.372160,284.727362,32.273852,0.177501,0.005674,0.015234,0.844853,0.534752,284.006661,31.343208,-0.008713
46764.372055,280.178864,39.498087,0.162261,0.001678,0.020277,0.847648,0.530169,279.478363,38.871890,0.009773
46765.371928,276.010876,45.659400,0.139054,0.003666,0.016948,0.852551,0.522356,275.429383,45.352462,0.058762
46766.371860,272.536955,50.273604,0.118083,-0.001142,0.017507,0.852736,0.522048,272.273911,50.301373,0.088860
46767.371748,270.169253,53.053165,0.124078,-0.009198,0.021042,0.832703,0.553244,270.436539,53.416518,0.111305
46768.371583,268.606019,54.724379,0.092460,-0.002161,0.013591,0.806283,0.591370,269.597308,55.618736,0.088326
46769.371493,267.023173,57.220800,0.087276,0.000452,0.002200,0.788619,0.614878,268.588462,58.580694,0.074081
46770.371358,264.797801,61.967517,0.101836,-0.011433,0.016577,0.811882,0.583475,266.696672,63.504946,0.129280
46771.371264,261.585796,68.219030,-0.077543,0.011049,0.020938,0.841101,0.540360,263.362469,69.735718,0.105283
46772.371121,257.821656,75.504683,-0.235954,0.027659,0.011359,0.850953,0.524391,259.717300,76.197479,0.101837
46773.370999,253.880840,83.217304,-0.145338,0.021373,0.012359,0.850509,0.525381,255.446886,83.433170,0.099503
46774.370915,250.107459,90.664973,-0.046070,0.025891,0.017185,0.852118,0.522426,251.231294,90.623099,0.094795
46775.370819,246.815961,96.973668,0.092136,0.021313,0.019908,0.858302,0.512315,247.513491,96.845131,0.150223
46776.370669,243.991391,101.431751,0.185231,0.019400,0.014478,0.902264,0.430504,244.235133,101.431186,0.190811
46777.370581,240.174018,104.506945,0.236315,0.002683,-0.002448,0.959023,0.283304,239.970454,104.690772,0.234940
46778.370466,234.786761,107.171386,0.164407,-0.000668,0.000181,0.967706,0.252081,234.167069,107.516096,0.151031
46779.370373,227.990765,110.501070,0.130298,0.004350,0.007911,0.964529,0.263823,227.001096,110.995581,0.122887
46780.370215,220.090899,114.738944,0.163852,0.009203,0.017114,0.961880,0.272781,218.783837,115.325306,0.127762
46781.370109,211.565583,119.265164,0.250500,0.000173,0.019967,0.964689,0.262632,210.070758,119.839896,0.180923
46782.369984,203.049989,123.609847,0.287766,0.003202,0.019650,0.964766,0.262354,201.502135,124.132723,0.199089
46783.369859,194.746869,127.943970,0.384621,0.007776,0.029790,0.963857,0.264635,193.252090,128.373435,0.293053
46784.369765,186.708840,132.046456,0.421414,0.001900,0.030958,0.967081,0.252570,185.453092,132.296171,0.364021
46785.369642,179.756715,135.436537,0.443670,-0.004194,0.026031,0.964158,0.264016,179.009826,135.512318,0.427681
46786.369525,174.344207,138.737231,0.393341,-0.002126,0.023990,0.926972,0.374357,174.172720,138.649620,0.406769
46787.369421,170.495596,143.378276,0.323833,-0.005996,0.008825,0.803125,0.595715,170.965758,143.141473,0.380486
46788.369339,169.560287,149.417085,0.286360,0.010689,0.003201,0.617726,0.786314,170.611869,149.119356,0.316063
46789.369209,171.644579,155.864218,0.360908,0.016761,0.009916,0.494546,0.868933,173.042839,155.498197,0.301682
46790.369075,175.146912,162.558730,0.355608,0.037606,0.009870,0.485892,0.873154,176.664697,162.073708,0.337265
46791.368985,179.110018,169.942109,0.420026,0.035455,0.017785,0.493042,0.869101,180.638409,169.436940,0.439766
46792.368831,183.558385,178.138401,0.396060,0.029089,0.009017,0.490052,0.871161,184.952926,177.684755,0.453964
46793.368742,188.513900,187.034301,0.387833,0.027594,0.013108,0.494467,0.868659,189.623547,186.742550,0.518433
46794.368685,193.528482,196.101247,0.364539,0.030883,0.009412,0.497287,0.866985,194.299341,195.887653,0.526680
46795.368514,198.430391,205.047131,0.356932,0.020694,0.008381,0.495188,0.868499,198.859387,204.947973,0.492966
46796.368376,203.271944,213.791471,0.324240,0.021123,0.007154,0.496883,0.867531,203.351512,213.875488,0.335876
46797.368312,207.856908,222.437144,0.246636,0.024451,0.008313,0.510245,0.859641,207.597114,222.673688,0.214325
46798.368157,211.975211,231.171184,0.220477,0.007945,0.000025,0.526783,0.849962,211.405036,231.491278,0.176361
46799.368058,216.003800,239.991947,0.152135,-0.005291,-0.007021,0.508868,0.860800,215.231619,240.369241,0.100914
46800.367930,220.476301,248.713100,0.101822,-0.000032,-0.009351,0.492039,0.870523,219.651761,249.061192,0.024834
46801.367826,225.069699,257.307536,0.062637,0.003879,-0.003810,0.489561,0.871952,224.166158,257.593935,-0.018448
46802.367715,229.281382,265.267009,0.024416,0.006004,-0.002301,0.481742,0.876289,228.396608,265.450370,-0.125099
46803.367605,232.943972,271.906299,-0.034397,0.010928,-0.000251,0.464493,0.885509,232.176067,271.936920,-0.159737
46804.367493,236.003028,277.538135,-0.079209,0.021088,0.002268,0.483214,0.875246,235.471579,277.489681,-0.163338
46805.367378,238.560228,283.704846,-0.156687,0.009487,-0.011202,0.530599,0.847496,238.296837,283.627085,-0.212837
46806.367255,241.539349,291.120106,-0.186234,0.005591,-0.007958,0.500533,0.865663,241.563991,291.021586,-0.236198
46807.367126,245.823102,299.252975,-0.127506,0.016322,-0.005204,0.473279,0.880746,246.094443,299.153663,-0.124008
46808.367046,250.762707,308.113748,-0.047294,0.024282,-0.001146,0.486681,0.873242,251.123860,308.085679,-0.065086
46809.366925,255.502970,317.093668,0.040216,0.018702,-0.002489,0.491948,0.870420,255.860063,317.141943,-0.038147
46810.366780,260.168500,325.794678,0.110706,0.021368,-0.001434,0.489552,0.871711,260.440953,325.976480,-0.032440
46811.366694,264.457339,333.622959,0.192531,0.020911,0.001937,0.500431,0.865522,264.553779,333.935423,0.022507
46812.366589,267.783945,340.336451,0.177566,0.018749,-0.002133,0.531971,0.846552,267.609004,340.809261,0.038841
46813.366451,270.104290,345.509190,0.084723,-0.004148,-0.010915,0.499018,0.866513,269.663076,346.156886,0.054855
46814.366393,272.992108,348.713754,-0.006681,-0.007046,-0.009506,0.297762,0.954567,272.988912,348.678268,0.087325
46815.366237,276.671619,349.818226,-0.017079,0.000139,-0.005691,0.001831,0.999982,276.564678,350.339366,0.083557
46816.366108,281.169740,348.541647,-0.062339,0.011096,-0.016787,-0.180796,0.983315,281.103335,348.626656,0.007729
46817.366015,286.741418,345.982448,-0.069568,0.011676,-0.016515,-0.174073,0.984525,286.655720,345.685152,-0.045700
46818.365886,293.670741,342.932746,-0.043130,0.010047,-0.011235,-0.165894,0.986028,293.501190,342.185182,-0.040337
46819.365768,301.611009,339.387781,0.006467,0.006958,-0.013594,-0.173964,0.984634,301.326363,338.220750,-0.052940
46820.365671,310.014013,335.401364,0.038705,0.001888,-0.015746,-0.173261,0.984748,309.601393,333.924595,-0.070404
46821.365548,318.464956,331.220946,0.066455,0.006692,-0.012286,-0.177853,0.983958,317.938578,329.632013,-0.088287
46822.365448,326.692869,326.918266,0.130032,0.005046,-0.008986,-0.176313,0.984280,326.106733,325.370846,-0.051239
46823.365319,334.550639,322.677036,0.173184,0.001722,-0.011745,-0.168146,0.985691,333.974258,321.355886,0.022499
46824.365214,342.250552,318.879432,0.151539,-0.002117,-0.006316,-0.122542,0.992441,341.798298,317.922911,0.050491
46825.365118,349.912504,315.793275,0.089394,-0.001043,-0.007951,-0.081156,0.996669,349.696717,315.280517,-0.002968
46826.364974,357.509813,313.488952,0.050982,0.006911,-0.004375,-0.034350,0.999376,357.600046,313.436772,-0.014473
46827.364906,365.021662,311.913581,-0.014781,0.004163,-0.013689,0.002249,0.999895,365.471291,312.261729,-0.029076
46828.364823,372.343011,311.098747,0.025630,-0.003896,-0.014893,0.047575,0.998749,373.172706,311.723852,0.088524
46829.364645,379.163865,311.060395,0.036305,-0.005473,-0.007217,0.090454,0.995859,380.340022,311.829191,0.214081
46830.364548,384.467380,311.375147,0.000585,-0.014386,-0.007297,0.082663,0.996447,385.907041,312.271196,0.293159
46831.364394,388.138271,311.206973,-0.094117,-0.010291,-0.011769,-0.016174,0.999747,389.745331,312.235980,0.258308
46832.364323,391.488491,310.149940,-0.167349,-0.009149,-0.019807,-0.218856,0.975513,393.129743,311.027755,0.235870
46833.364189,394.679809,307.216765,-0.181306,-0.015478,-0.011496,-0.472401,0.881173,396.128914,307.811880,0.245514
46834.364076,396.954443,301.154406,-0.179747,-0.011662,-0.015374,-0.601765,0.798440,397.912100,301.532877,0.245537
46835.363948,398.740163,292.731942,-0.094847,-0.009204,-0.014568,-0.620014,0.784402,399.162496,292.926874,0.167625
46836.363867,400.529113,283.159178,0.068382,-0.005965,-0.018420,-0.617909,0.786011,400.424571,283.243314,0.118469
46837.363706,402.345052,273.686331,0.258509,-0.007299,-0.018261,-0.613551,0.789410,401.825048,273.603101,0.107895
46838.363621,404.056687,264.489552,0.429130,-0.010067,-0.019541,-0.615688,0.787683,403.243914,264.123998,0.123177
46839.363508,405.688702,255.560449,0.531302,-0.012307,-0.019140,-0.609018,0.792830,404.679802,254.726245,0.076218
46840.363459,407.488298,246.252871,0.676286,-0.016832,-0.011990,-0.611333,0.791103,406.299522,244.814733,0.053955
46841.363295,409.058890,236.833051,0.790135,-0.017246,0.000910,-0.614293,0.788889,407.955113,234.856366,0.042121
46842.363155,410.471490,228.068251,0.784170,-0.016281,0.007999,-0.618866,0.785287,409.498009,225.578674,0.048202
46843.363034,411.181490,220.768677,0.619900,-0.012796,0.008577,-0.702197,0.711816,410.032072,218.621358,0.062861
46844.362910,409.802638,214.396097,0.442631,0.006271,-0.008338,0.872753,-0.488050,409.389911,212.504204,0.096947
46845.364063,405.466992,209.951960,0.273457,0.001022,0.001497,0.984453,-0.175638,405.282547,208.982440,0.123718
46846.362692,399.210087,207.954868,0.043142,0.000372,-0.009747,0.999758,0.019701,399.280176,207.819083,0.014000
46847.362597,391.643390,208.272151,-0.136828,0.004480,0.009809,0.988561,0.150437,391.952684,208.810170,-0.104317
46848.362479,383.017113,210.696008,-0.295080,0.015418,0.014186,0.974877,0.221755,383.490639,211.749373,-0.248444
46849.362353,373.550359,214.554958,-0.274280,0.014239,0.012893,0.970575,0.240032,374.087413,215.836090,-0.194283
46850.362241,363.756032,219.063869,-0.210085,0.009567,0.006550,0.967460,0.252757,364.337586,220.389126,-0.064110
46851.362130,354.082563,223.947630,-0.142858,0.005979,0.004422,0.964749,0.263067,354.651707,225.162901,0.036972
46852.362070,344.803991,228.945295,-0.122297,0.004786,0.007966,0.963655,0.266987,345.329444,230.010932,0.056030
46853.361904,335.928365,233.864918,-0.115550,0.005418,0.007362,0.963231,0.268518,336.353672,234.770374,0.082809
46854.361798,327.790923,238.620356,-0.039030,0.007881,0.010485,0.959479,0.281475,328.078317,239.309037,0.089394
46855.361720,321.214142,242.721319,0.031336,0.010080,0.021303,0.963403,0.267017,321.350692,243.160036,0.120064
46856.361577,316.109367,245.167314,0.055802,0.007368,0.026155,0.992941,0.115456,316.120938,245.322337,0.070236
46857.361469,311.850248,244.788302,0.056485,-0.001843,0.015622,0.974509,-0.223794,311.793416,244.656771,0.038094
46858.361370,308.335676,241.440963,-0.011989,0.002402,-0.003170,0.903516,-0.428537,308.299959,241.090915,0.000862
46859.361246,304.972755,236.147428,-0.077908,0.004224,0.001752,0.883085,-0.469191,304.946980,235.706044,-0.054092
46860.361111,301.098098,229.217388,-0.074446,0.000982,0.009998,0.872062,-0.489293,301.087200,228.767461,-0.037476
46861.360975,296.699905,220.732008,-0.101271,0.000644,0.004125,0.869154,-0.494524,296.670142,220.340244,-0.048302
46862.360948,291.990945,211.526245,-0.049270,0.001036,0.004774,0.867245,-0.497858,291.978323,211.272642,0.036568
46863.360812,287.339527,202.224715,0.018178,0.000549,0.003563,0.868585,-0.495526,287.337463,202.140437,0.083710
46864.360655,282.581771,192.855187,0.029102,-0.006312,0.007147,0.869492,-0.493855,282.569105,192.812182,0.053429
46865.360559,277.571638,183.086515,0.020581,-0.010634,0.009269,0.869088,-0.494456,277.528613,182.999326,0.050499
46866.360437,272.326485,172.976079,0.004815,-0.008471,0.012754,0.868534,-0.495394,272.331245,172.858220,0.001175
46867.360318,267.211988,162.943036,0.085908,-0.010241,0.008528,0.866040,-0.499797,267.257128,162.810935,0.066879
46868.360275,262.168950,153.077184,0.122187,-0.012050,-0.000483,0.867894,-0.496603,262.209291,152.921026,0.106857
46869.360093,257.171526,143.561274,0.112038,-0.018117,0.002132,0.867604,-0.496920,257.232606,143.356812,0.082947
46870.359945,252.334265,134.442337,0.083088,-0.014599,-0.002659,0.869235,-0.494176,252.492999,134.183341,0.074089
46871.359857,248.025592,126.319988,0.087811,0.006992,-0.009052,-0.865381,0.500983,248.280114,126.028888,0.090569
46872.359749,244.638455,119.623862,0.164536,0.006369,0.001877,-0.860836,0.508839,244.952445,119.365272,0.228287
46873.359657,242.225962,114.666410,0.176839,-0.002635,-0.014065,0.871173,-0.490768,242.564475,114.468464,0.273125
46874.359602,239.725953,111.255467,0.200714,-0.006416,0.004509,0.940610,-0.339400,240.016090,111.111769,0.289391
46875.359411,236.017862,109.237245,0.202987,-0.009884,0.006707,0.995471,-0.094314,236.190908,109.163773,0.256615
46876.359337,230.917978,109.421207,0.186614,-0.005103,0.004205,0.988934,0.148205,230.928327,109.489030,0.179268
46877.359176,225.076141,111.961114,0.205709,0.000642,0.017592,0.969110,0.246001,224.842402,112.128861,0.146103
46878.359060,217.918743,116.016407,0.259871,0.001552,0.021752,0.964175,0.264370,217.509391,116.188382,0.170502
46879.359022,209.705953,120.745221,0.318166,-0.000461,0.026091,0.965737,0.258208,209.212061,120.898124,0.178749
46880.358822,201.300984,125.302393,0.341154,0.007172,0.026004,0.968298,0.248337,200.721208,125.308767,0.184540
46881.358720,193.085443,129.714566,0.429681,0.006221,0.034884,0.967359,0.250922,192.428770,129.527334,0.302673
46882.359401,185.302058,133.820714,0.437903,0.002052,0.033672,0.968598,0.246331,184.668623,133.560233,0.290085
46883.358556,179.177786,136.996565,0.440475,-0.003677,0.034457,0.966011,0.256169,178.698813,136.538566,0.292366
46884.358390,175.056838,139.379700,0.379409,-0.000317,0.031673,0.945499,0.324080,174.690512,138.850818,0.300514
46885.358259,171.927765,142.465323,0.255516,0.002205,0.013881,0.862604,0.505685,171.688214,142.118306,0.166008
46886.358206,170.421515,146.951658,0.120870,0.006881,0.008191,0.711970,0.702128,170.410887,146.926718,0.145027
46887.358036,171.128609,151.765741,0.048179,0.013455,0.010225,0.567325,0.823320,171.224152,151.963469,0.212799
46888.357906,173.252645,156.269371,-0.008234,0.019236,0.019657,0.505639,0.862307,173.425316,156.686334,0.250969
46889.357822,175.308485,160.752500,-0.107079,0.025393,0.022502,0.591359,0.805695,175.501382,161.365155,0.207954
46890.357699,175.434641,165.199644,-0.178821,-0.008869,0.002868,0.786362,0.617696,175.586785,165.705435,-0.198425
46891.357608,173.007059,168.944033,-0.363129,-0.009773,0.006742,0.933407,0.358623,173.111434,169.373588,-0.446503
46892.357457,168.421157,171.799929,-0.549848,-0.003386,-0.002664,0.966611,0.256211,168.471873,172.170672,-0.588890
46893.357386,162.139761,175.204223,-0.685855,-0.000657,0.001811,0.966290,0.257449,162.111918,175.536136,-0.700958
46894.357233,154.355817,179.444248,-0.804205,0.002618,0.006878,0.968870,0.247462,154.315353,179.738693,-0.768410
46895.357128,145.261731,184.215326,-0.920323,-0.000676,0.004581,0.969528,0.244938,145.215197,184.405322,-0.879959
46896.357040,136.000044,189.115221,-0.948595,-0.004710,0.013587,0.970568,0.240396,136.000325,189.124042,-0.978043
46897.356947,127.130949,193.585360,-1.016716,-0.008154,-0.003343,0.972210,0.233945,127.143287,193.417838,-0.919945
46898.356777,119.676373,197.304371,-1.053804,-0.010517,-0.007887,0.972259,0.233536,119.729526,196.962466,-0.822739
46899.356690,114.510382,199.950757,-1.070138,-0.013821,-0.006702,0.967592,0.252052,114.650267,199.472071,-0.803917
46900.356557,111.916441,201.525486,-1.083711,-0.001128,-0.004608,0.954653,0.297682,112.087825,200.967612,-0.776649
46901.356445,110.212721,202.921040,-1.053532,0.005189,-0.003930,0.921063,0.389360,110.292389,202.349982,-0.799942
46902.356384,108.434953,205.652298,-0.987856,-0.001344,0.007693,0.818937,0.573830,108.443462,205.195202,-0.773193
46903.356209,108.211207,210.394410,-1.016120,0.007019,0.005399,0.610859,0.791690,108.262583,210.064474,-0.840149
46904.356103,111.063093,216.533988,-1.026751,0.015110,0.010631,0.500570,0.865499,111.119755,216.306245,-0.884712
46905.355985,115.389584,224.165835,-1.068341,0.016068,0.006156,0.505858,0.862445,115.386817,224.076216,-0.952271
46906.355864,120.500533,233.490834,-1.069962,0.012701,0.015946,0.509297,0.860349,120.507223,233.484190,-1.046860
46907.355771,126.038529,243.790066,-1.109446,0.019629,0.011462,0.513006,0.858084,126.058903,243.829659,-1.149483
46908.355714,131.678433,254.415407,-1.072398,0.015941,0.010017,0.510554,0.859640,131.691960,254.461271,-1.143616
46909.355515,137.443135,265.169368,-1.082143,0.005069,0.005333,0.510329,0.859948,137.433322,265.228869,-1.131348
46910.355467,143.222691,276.024851,-1.107690,0.004655,0.006165,0.512926,0.858398,143.244405,276.052274,-1.196533
46911.355369,148.920656,286.757123,-1.139853,0.008654,0.013737,0.512795,0.858357,148.970886,286.746013,-1.273506
46912.355169,154.290652,296.952900,-1.187974,0.017068,0.022791,0.516115,0.856046,154.324167,296.900602,-1.305862
46913.355088,158.942980,305.906271,-1.237961,0.016347,0.019108,0.510915,0.859263,158.961276,305.821326,-1.296829
46914.354992,162.845178,313.090025,-1.275233,0.016866,0.019822,0.502671,0.864086,162.868574,312.951695,-1.316925
46915.354830,165.525614,318.175301,-1.277984,0.012637,0.015121,0.538954,0.842105,165.576457,318.046907,-1.342239
46916.354746,166.390527,322.514787,-1.286829,0.000429,0.027888,0.752121,0.658435,166.382114,322.521687,-1.299545
46917.354630,164.196968,326.502033,-1.417637,0.013084,0.032775,0.943289,0.330090,164.134029,326.524158,-1.425476
46918.354505,159.106159,328.984189,-1.391811,-0.001970,0.018255,0.983195,0.181635,159.034391,328.983485,-1.373276
46919.354455,152.303120,331.601391,-1.383318,0.006258,0.011034,0.980219,0.197511,152.163332,331.665125,-1.312592
46920.354282,144.142349,335.400985,-1.376234,-0.004129,0.010898,0.972914,0.230872,143.974234,335.465831,-1.287407
46921.354150,135.047524,340.017886,-1.407083,-0.004276,0.004218,0.971171,0.238307,134.856033,340.070626,-1.343636
46922.354122,125.679112,344.878329,-1.420987,-0.004653,0.004109,0.972165,0.234213,125.512542,344.926719,-1.348526
46923.353918,116.422298,349.606905,-1.422079,-0.006071,0.001124,0.970865,0.239547,116.307014,349.658384,-1.348053
46924.353820,107.866071,354.292539,-1.409559,-0.005163,0.004210,0.966878,0.255151,107.865817,354.338661,-1.337952
46925.353708,100.464823,358.491768,-1.347694,-0.000827,0.015144,0.972126,0.233967,100.508807,358.493307,-1.342552
46926.353590,92.741710,362.061188,-1.247039,0.004618,0.002988,0.978258,0.207317,92.750806,362.053334,-1.241859
46927.353508,83.995380,366.169550,-1.293584,-0.004568,-0.001499,0.973163,0.230068,83.924483,366.221435,-1.287239
46928.353432,74.254726,371.337163,-1.237434,-0.004461,-0.001376,0.967035,0.254600,74.141013,371.450821,-1.226677
46929.353275,64.422074,377.039250,-1.160733,0.001946,0.012133,0.968224,0.249784,64.320237,377.145161,-1.147423
46930.353143,54.581217,382.264781,-1.072607,-0.003597,0.006002,0.971978,0.234969,54.483269,382.328985,-1.097939
46931.353068,44.852623,387.210533,-1.053485,-0.002640,0.006394,0.974299,0.225153,44.765241,387.232702,-1.108582
46932.352953,35.347044,391.850249,-1.047937,-0.003949,0.008313,0.974907,0.222420,35.297617,391.809623,-1.109962
46933.352797,26.056301,396.386280,-0.999315,-0.002483,0.001052,0.972845,0.231443,26.017040,396.321549,-1.034256
46934.352698,16.776576,401.324241,-0.931989,-0.001923,0.014952,0.969353,0.245209,16.737687,401.278259,-0.932022
46935.352599,7.336611,406.653414,-0.946586,-0.006658,0.005876,0.964952,0.262277,7.294165,406.647650,-0.944702
46936.355655,-2.040939,412.275757,-0.988319,-0.004632,0.008223,0.962459,0.271263,-2.048247,412.284159,-0.991341
46937.352346,-10.633417,417.827515,-1.002136,-0.006513,0.008765,0.955254,0.295586,-10.583731,417.856730,-1.002205
46938.352227,-17.832335,422.888731,-1.006231,-0.011724,0.007294,0.949479,0.313526,-17.698791,422.875173,-0.977974
46939.352131,-22.986536,427.217233,-0.983971,-0.001933,0.023707,0.926783,0.374844,-22.755191,427.178897,-0.934540
46940.352011,-26.478623,430.667300,-0.971800,0.001461,0.031042,0.931647,0.362033,-26.205494,430.584383,-0.879074
46941.351916,-29.515358,433.008867,-0.954341,0.000072,0.023993,0.961491,0.273785,-29.274323,432.919349,-0.841812
46942.351804,-32.993464,434.981867,-0.944493,-0.003898,0.007405,0.964209,0.265010,-32.810347,434.939164,-0.846397
46943.351769,-36.351219,437.159912,-0.922816,-0.008319,0.004227,0.948872,0.315524,-36.167794,437.170908,-0.849022
46944.351624,-38.853754,439.106334,-0.907779,-0.001744,0.006970,0.948191,0.317618,-38.684695,439.145203,-0.861198
46945.351437,-41.596395,440.629313,-0.885214,-0.001512,0.004926,0.987205,0.159374,-41.509744,440.718263,-0.859962
46946.351364,-45.879048,440.897024,-0.878803,-0.001563,0.011609,0.993432,-0.113826,-45.874302,440.888885,-0.872879
46947.351236,-51.182578,438.014739,-0.878951,-0.011330,0.013960,0.934614,-0.355210,-51.149231,437.831648,-0.894890
46948.351189,-56.511049,431.958231,-0.898041,-0.008974,0.021437,0.888969,-0.457376,-56.437469,431.658482,-0.921616
46949.351033,-62.295265,423.735306,-0.871960,-0.011757,0.016952,0.885071,-0.464998,-62.295950,423.405184,-0.873070
46950.350929,-68.613017,414.408151,-0.888553,-0.017174,0.018703,0.878183,-0.477651,-68.681134,414.116269,-0.885338
46951.350772,-74.747748,404.690332,-0.835276,-0.014440,0.013198,0.868433,-0.495420,-74.808694,404.474374,-0.827148
46952.350653,-80.304862,394.895021,-0.850824,0.018056,-0.019732,-0.855164,0.517667,-80.353680,394.770411,-0.845772
46953.350549,-85.306366,385.029321,-0.847804,0.020188,-0.024321,-0.844199,0.535096,-85.350015,384.980322,-0.844887
46954.350442,-89.999508,374.883447,-0.807272,0.019502,-0.024608,-0.835247,0.548977,-90.030393,374.865941,-0.796234
46955.350307,-94.438677,364.333468,-0.764314,0.016286,-0.018609,-0.825570,0.563758,-94.460495,364.324059,-0.761559
46956.350187,-98.556606,353.345667,-0.730443,0.015986,-0.014696,-0.811847,0.583466,-98.560670,353.351215,-0.740913
46957.350092,-102.208275,341.868950,-0.712210,0.018288,-0.015949,-0.796382,0.604307,-102.203574,341.882412,-0.690376
46958.349959,-105.291852,330.208659,-0.672252,0.021221,-0.020221,-0.782973,0.621365,-105.267857,330.237029,-0.643623
46959.349886,-107.916142,318.416690,-0.607992,0.024875,-0.022063,-0.769096,0.638268,-107.868144,318.473822,-0.609940
46960.349725,-110.013868,306.577140,-0.543475,0.023528,-0.022023,-0.758386,0.651009,-109.945434,306.681415,-0.586388
46961.349620,-111.754268,294.824139,-0.469898,0.023367,-0.021620,-0.748608,0.662248,-111.673271,294.961997,-0.578758
46962.349509,-113.042663,283.093529,-0.401400,0.020316,-0.012589,-0.734310,0.678394,-112.952211,283.259550,-0.571320
46963.349418,-113.779521,271.491255,-0.371596,0.020042,-0.010355,-0.719284,0.694349,-113.684875,271.689148,-0.602295
46964.349275,-114.055638,259.955657,-0.392129,0.022174,-0.013421,-0.705444,0.708292,-113.963455,260.186835,-0.663162
46965.349164,-113.861194,248.132532,-0.361864,0.022564,-0.020592,-0.689782,0.723372,-113.837889,248.143457,-0.418610
46966.349045,-113.120959,236.199150,-0.292170,0.020246,-0.012685,-0.674597,0.737800,-113.118980,236.196194,-0.279137
46967.348979,-111.935133,224.484106,-0.256249,0.017010,-0.009920,-0.661462,0.749720,-111.961239,224.496152,-0.191864
46968.348872,-110.310660,212.946944,-0.249806,0.023235,-0.009709,-0.642939,0.765503,-110.344310,212.973023,-0.194298
46969.348731,-108.122702,201.335857,-0.283962,0.025909,-0.013974,-0.627058,0.778416,-108.163427,201.355691,-0.224976
46970.348670,-105.386821,189.539856,-0.259556,0.020980,-0.013072,-0.610398,0.791709,-105.408232,189.565497,-0.212044
46971.348528,-102.067099,177.587391,-0.236019,0.020009,-0.010220,-0.593239,0.804713,-102.031441,177.639494,-0.227173
46972.348351,-98.236471,165.501830,-0.222521,0.014146,-0.006556,-0.584537,0.811217,-98.188467,165.526176,-0.232796
46973.348649,-94.263493,153.351720,-0.243248,0.022467,-0.009125,-0.586069,0.809898,-94.244828,153.364958,-0.255035
46974.348144,-90.461142,141.264210,-0.262820,0.018759,-0.013031,-0.590549,0.806678,-90.478626,141.276043,-0.255699
46975.348016,-86.706277,129.208505,-0.207265,0.024738,-0.011930,-0.587640,0.808657,-86.727113,129.209894,-0.192917
46976.347952,-82.878163,117.130044,-0.184547,0.020790,-0.015203,-0.587973,0.808470,-82.877867,117.131325,-0.195763
46977.347814,-79.071420,105.135339,-0.135536,0.014134,-0.006908,-0.588467,0.808368,-79.067703,105.143782,-0.152054
46978.347675,-75.290405,93.172296,-0.090791,0.015759,-0.010299,-0.587433,0.809054,-75.278532,93.199755,-0.135925
46979.347648,-71.458589,81.154320,-0.077489,0.025220,-0.009545,-0.585532,0.810201,-71.465630,81.178046,-0.138435
46980.347463,-67.554532,69.052735,-0.034961,0.022509,-0.015673,-0.585822,0.809976,-67.581224,69.039893,0.030701
46981.347368,-63.618389,56.860260,0.027897,0.022565,-0.010997,-0.585232,0.810477,-63.651448,56.825741,0.108574
46982.347279,-59.665694,44.784796,0.059966,0.018043,-0.004177,-0.584579,0.811125,-59.685569,44.732711,0.138290
46983.347119,-55.869450,32.945273,0.059778,0.026542,-0.010208,-0.589175,0.807505,-55.878991,32.872185,0.127441
46984.347068,-52.301211,21.427035,0.100414,0.027553,-0.011913,-0.591334,0.805868,-52.314690,21.338506,0.159698
46985.346894,-48.986680,10.918421,0.124300,0.021599,-0.009554,-0.586154,0.809856,-48.987334,10.849373,0.161682
46986.346767,-46.001790,1.953493,0.206320,0.023991,-0.007575,-0.573450,0.818854,-46.002326,1.953034,0.212074
46987.346645,-43.001193,-5.060458,0.260378,0.017887,-0.004993,-0.497529,0.867248,-42.929206,-5.030723,0.246605
46988.346598,-38.640503,-10.167755,0.301704,0.006781,0.005147,-0.302960,0.952965,-38.434594,-10.053910,0.264473
46989.346433,-32.853099,-12.448949,0.311487,-0.000339,0.008490,-0.055990,0.998395,-32.577735,-12.221528,0.238037
46990.347053,-26.752865,-12.309607,0.312808,-0.009288,0.002943,0.030892,0.999475,-26.483322,-12.087972,0.253181
46991.346204,-21.154471,-12.009220,0.352861,0.001360,0.003171,0.004331,0.999985,-20.961557,-11.892074,0.289375
46992.346089,-16.865218,-12.019477,0.394267,0.007379,0.005871,-0.022769,0.999696,-16.812200,-12.024634,0.349228
46993.345978,-14.234150,-12.089624,0.400345,0.009094,-0.001838,-0.015614,0.999835,-14.251444,-12.183131,0.356201
46994.345918,-11.887189,-11.911202,0.408700,0.009494,-0.010357,0.084676,0.996309,-11.894701,-12.057665,0.372887
46995.345755,-8.655825,-10.801194,0.451774,0.010363,0.001860,0.238347,0.971123,-8.631637,-10.941915,0.440651
46996.345630,-4.695211,-7.681399,0.418568,0.021536,0.014002,0.415001,0.909458,-4.695016,-7.681316,0.417274
46997.345558,-0.175272,-2.365175,0.350409,0.017965,0.012606,0.509613,0.860124,-0.847813,-1.635618,0.332794
46998.345453,4.887549,4.912477,0.302610,0.014949,0.009960,0.513963,0.857624,3.294063,6.007271,0.326927
46999.345278,9.778661,13.842789,0.204096,0.015737,0.012187,0.527592,0.849265,7.749756,14.722833,0.352806
47000.345219,15.007567,23.414121,0.111473,0.015100,0.014328,0.529873,0.847821,12.362870,24.152161,0.397636
47001.345094,20.435025,33.266551,0.007397,0.009083,0.009556,0.522488,0.852545,17.237752,33.837275,0.396561
47002.344988,25.969508,43.458492,-0.172959,0.015404,0.017894,0.521016,0.853220,22.420745,43.792895,0.401123
47003.344869,31.694000,53.902201,-0.250534,0.008381,0.014871,0.521378,0.853155,27.692089,54.017321,0.475418
47004.344770,37.403017,64.182060,-0.280641,0.013561,0.017480,0.520188,0.853765,32.835946,64.078486,0.649452
47005.344607,43.007305,74.153010,-0.426735,0.015939,0.019112,0.516992,0.855628,37.900393,73.834494,0.620514
